deviceId,deviceName,startTime,endTime,taskType,durationSeconds,actualCleaningAreaSquareMeter,plannedCleaningAreaSquareMeter,waterConsumptionLiter,batteryConsumption,taskEndStatus
GS100-0210-EBN-C000,고양스타필드 주차장 X SC75,2025-10-01T00:59:00.000Z,2025-10-01T17:13:25.000Z,Total: B2-원래지도,20159,4074.267621422634,13575.74040458858,184.43765100000007,0,1
GS100-0210-J3P-5200,고양스타필드 2호기 X SC75,2025-10-01T02:06:23.000Z,2025-10-01T22:01:14.000Z,B1층식당가전체: B1_WEST,4559,1331.215039673299,1394.9400415724522,169.53962599999994,-64,1
GS100-0210-F3P-H000,고양스타필드 1호기 X SC75,2025-10-01T02:30:10.000Z,2025-10-01T02:58:32.000Z,3번노드: B1_EAST,1659,471.2725140450151,678.5750202231111,61.967820000000074,5,0
GS100-0210-F3P-H000,고양스타필드 1호기 X SC75,2025-10-01T21:57:14.000Z,2025-10-02T02:26:19.000Z,3층전체청소하기: F3,15464,3553.8876059141016,3786.3301128414278,508.420717,81,0
GS100-0210-J3P-5200,고양스타필드 2호기 X SC75,2025-10-01T22:03:38.000Z,2025-10-01T22:13:36.000Z,2층전체청소하기: F2,97,13.652500406876209,3744.042611581162,2.134943,2,1
GS100-0210-J3P-5200,고양스타필드 2호기 X SC75,2025-10-01T22:14:18.000Z,2025-10-01T23:31:05.000Z,3번노드: F2,4215,1177.1575350820276,1243.202537050322,165.688163,21,0
GS100-0210-EBN-C000,고양스타필드 주차장 X SC75,2025-10-01T23:38:20.000Z,2025-10-02T00:00:35.000Z,Total: B2-원래지도,0,0,13163.302892296988,0,1,1
GS100-0210-J3P-5200,고양스타필드 2호기 X SC75,2025-10-01T23:47:07.000Z,2025-10-02T00:47:24.000Z,4번노드: F2,2932,775.9775231259318,825.2300245937707,134.817216,17,0
GS100-0210-J3P-5200,고양스타필드 2호기 X SC75,2025-10-02T00:57:45.000Z,2025-10-02T01:51:56.000Z,1번노드: F2,3113,927.7125276479873,980.0225292069467,124.08850799999999,15,0
GS100-0210-J3P-5200,고양스타필드 2호기 X SC75,2025-10-02T02:00:22.000Z,2025-10-02T02:44:23.000Z,2번노드: F2,2503,702.6925209418686,739.4500220373275,90.83799899999997,12,0
GS100-0210-J3P-5200,고양스타필드 2호기 X SC75,2025-10-02T03:06:35.000Z,2025-10-02T21:58:19.000Z,B1층식당가전체: B1_WEST,3603,1148.8850342394414,1385.990041305721,143.5179320000001,-71,1
GS100-0210-F3P-H000,고양스타필드 1호기 X SC75,2025-10-02T22:09:41.000Z,2025-10-03T02:40:47.000Z,3층전체청소하기: F3,14718,3413.6101017335063,3827.3426140636966,490.593139,78,0
GS100-0210-J3P-5200,고양스타필드 2호기 X SC75,2025-10-03T01:59:47.000Z,2025-10-03T03:47:52.000Z,B1층식당가전체: B1_WEST,4327,1229.2850366355483,1393.2450415219369,165.47959600000002,25,0
GS100-0210-EBN-C000,고양스타필드 주차장 X SC75,2025-10-03T02:16:31.000Z,2025-10-04T22:31:09.000Z,Total: B2-원래지도,38338,7853.737734059621,13922.382914919332,345.48245999999995,2,1
GS100-0210-F3P-H000,고양스타필드 1호기 X SC75,2025-10-03T02:46:57.000Z,2025-10-03T03:20:30.000Z,3번노드: B1_EAST,1964,624.067518598661,679.420020248294,80.46863200000001,6,0
GS100-0210-J3P-5200,고양스타필드 2호기 X SC75,2025-10-03T21:59:51.000Z,2025-10-04T01:44:05.000Z,2층전체청소하기: F2,12733,3596.2601071769004,3789.697612941787,487.495592,62,0
GS100-0210-F3P-H000,고양스타필드 1호기 X SC75,2025-10-03T22:02:45.000Z,2025-10-04T02:31:46.000Z,3층전체청소하기: F3,15441,3467.7226033461848,3791.082612983064,500.272082,79,0
GS100-0210-J3P-5200,고양스타필드 2호기 X SC75,2025-10-04T01:49:35.000Z,2025-10-04T03:18:58.000Z,B1층식당가전체: B1_WEST,4616,1324.3875394698237,1393.5700415316228,180.0425949999999,25,0
GS100-0210-F3P-H000,고양스타필드 1호기 X SC75,2025-10-04T02:36:55.000Z,2025-10-04T02:40:08.000Z,3번노드: B1_EAST,162,45.88250136740507,675.2025201226028,4.847397000000001,1,0
GS100-0210-F3P-H000,고양스타필드 1호기 X SC75,2025-10-04T02:43:48.000Z,2025-10-04T02:47:03.000Z,3번노드: B1_EAST,154,46.325001380592596,675.1450201208891,5.123870000000011,0,0
GS100-0210-F3P-H000,고양스타필드 1호기 X SC75,2025-10-04T02:49:49.000Z,2025-10-04T02:58:12.000Z,3번노드: B1_EAST,303,46.540001387000096,675.1375201206656,8.018848999999964,1,0
GS100-0210-F3P-H000,고양스타필드 1호기 X SC75,2025-10-04T02:58:39.000Z,2025-10-04T03:33:53.000Z,3번노드: B1_EAST,2076,650.985019400865,679.5350202517213,84.78721399999999,5,0
GS100-0210-J3P-5200,고양스타필드 2호기 X SC75,2025-10-04T22:01:48.000Z,2025-10-05T01:57:02.000Z,2층전체청소하기: F2,13341,3583.600106799603,3785.8826128280916,506.061603,65,0
GS100-0210-F3P-H000,고양스타필드 1호기 X SC75,2025-10-04T22:06:18.000Z,2025-10-05T02:48:55.000Z,3층전체청소하기: F3,15046,3473.6976035242533,3787.807612885461,505.61408800000027,79,0
GS100-0210-J3P-5200,고양스타필드 2호기 X SC75,2025-10-05T02:00:35.000Z,2025-10-05T21:54:14.000Z,B1층식당가전체: B1_WEST,4700,1319.1425393135105,1392.9225415123256,171.33748000000003,-65,1
GS100-0210-F3P-H000,고양스타필드 1호기 X SC75,2025-10-05T02:53:33.000Z,2025-10-05T03:30:36.000Z,3번노드: B1_EAST,2172,648.9550193403662,679.0700202378632,88.65933200000006,5,0
GS100-0210-J3P-5200,고양스타필드 2호기 X SC75,2025-10-05T21:55:46.000Z,2025-10-06T00:57:30.000Z,2층전체청소하기: F2,10247,2775.232582708374,3778.8751126192515,380.404748,51,0
GS100-0210-F3P-H000,고양스타필드 1호기 X SC75,2025-10-05T22:03:46.000Z,2025-10-06T02:22:32.000Z,3층전체청소하기: F3,14823,3485.495103875847,3798.345113199503,496.124682,76,0
GS100-0210-EBN-C000,고양스타필드 주차장 X SC75,2025-10-05T23:50:08.000Z,2025-10-06T09:00:02.000Z,5: B2,14086,2828.1350842849915,3357.987600075827,298.82511400000004,69,2
GS100-0210-J3P-5200,고양스타필드 2호기 X SC75,2025-10-06T01:36:37.000Z,2025-10-06T01:51:57.000Z,2층전체청소하기: F2,46,9.81250029243529,3743.7226115716253,1.2903810000000249,1,1
GS100-0210-J3P-5200,고양스타필드 2호기 X SC75,2025-10-06T01:53:27.000Z,2025-10-06T03:31:22.000Z,Total: B1-EAST,5490,1818.9550542090838,1980.4775590228292,229.82354100000003,29,0
GS100-0210-J3P-5200,고양스타필드 2호기 X SC75,2025-10-06T22:07:40.000Z,2025-10-07T01:58:06.000Z,2층전체청소하기: F2,13169,3589.8126069847503,3788.90011291802,490.149058,65,0
GS100-0210-F3P-H000,고양스타필드 1호기 X SC75,2025-10-06T22:10:31.000Z,2025-10-07T03:34:11.000Z,3층전체청소하기: F3,18421,3474.1951035390803,3790.7626129735268,509.38934800000266,86,0
GS100-0210-EBN-C000,고양스타필드 주차장 X SC75,2025-10-06T23:50:01.000Z,2025-10-07T09:00:03.000Z,1: B2,10271,2188.3425652176898,3149.3725938586153,229.971232,15,2
GS100-0210-J3P-5200,고양스타필드 2호기 X SC75,2025-10-07T02:01:52.000Z,2025-10-07T04:09:04.000Z,B1층식당가전체: B1_WEST,5219,1309.2725390193614,1392.1100414881114,187.3450139999997,18,0
GS100-0210-F3P-H000,고양스타필드 1호기 X SC75,2025-10-07T22:10:06.000Z,2025-10-08T02:37:55.000Z,3층전체청소하기: F3,15349,3549.6301057872183,3790.535112966747,515.809848,80,0
GS100-0210-J3P-5200,고양스타필드 2호기 X SC75,2025-10-07T22:15:10.000Z,2025-10-08T02:01:12.000Z,2층전체청소하기: F2,12897,3592.0951070527744,3789.4001129329213,488.317377,63,0
GS100-0210-EBN-C000,고양스타필드 주차장 X SC75,2025-10-07T23:50:07.000Z,2025-10-08T09:00:03.000Z,2: B2,4344,911.667527169809,2236.352566648499,93.25830499999995,0,2
GS100-0210-J3P-5200,고양스타필드 2호기 X SC75,2025-10-08T02:17:10.000Z,2025-10-08T21:54:38.000Z,B1층식당가전체: B1_WEST,4829,1311.692539091483,1393.1675415196273,171.14860299999992,-64,1
GS100-0210-J3P-5200,고양스타필드 2호기 X SC75,2025-10-08T21:58:56.000Z,2025-10-09T01:27:33.000Z,2층전체청소하기: F2,11990,3317.65259887375,3784.555112788529,439.802432,57,0
GS100-0210-F3P-H000,고양스타필드 1호기 X SC75,2025-10-08T22:02:21.000Z,2025-10-09T02:18:27.000Z,3층전체청소하기: F3,14576,3477.1176036261777,3787.192612867133,497.845276,77,0
GS100-0210-EBN-C000,고양스타필드 주차장 X SC75,2025-10-08T23:50:08.000Z,2025-10-09T06:37:27.000Z,3: B2,12252,2488.9500741764905,2625.9050782580675,235.89003100000014,59,0
GS100-0210-J3P-5200,고양스타필드 2호기 X SC75,2025-10-09T01:50:45.000Z,2025-10-09T03:15:14.000Z,B1층식당가전체: B1_WEST,4750,1315.1900391957165,1393.402541526631,177.743006,24,0
GS100-0210-F3P-H000,고양스타필드 1호기 X SC75,2025-10-09T02:29:47.000Z,2025-10-09T03:08:02.000Z,3번노드: B1_EAST,2241,649.5975193595143,679.1700202408434,87.40350799999993,8,0
GS100-0210-J3P-5200,고양스타필드 2호기 X SC75,2025-10-09T22:04:30.000Z,2025-10-10T01:54:34.000Z,2층전체청소하기: F2,13166,3591.152607024685,3788.2601128989463,490.859406,60,0
GS100-0210-F3P-H000,고양스타필드 1호기 X SC75,2025-10-09T22:07:27.000Z,2025-10-10T04:27:02.000Z,3층전체청소하기: F3,16301,3399.072601300255,3788.5476129075146,580.4931589999986,94,1
GS100-0210-EBN-C000,고양스타필드 주차장 X SC75,2025-10-09T23:50:09.000Z,2025-10-10T07:56:24.000Z,4: B2,12827,2599.1225774598875,2776.0250827319924,249.079819,55,0
GS100-0210-J3P-5200,고양스타필드 2호기 X SC75,2025-10-10T02:14:26.000Z,2025-10-10T03:36:28.000Z,B1층식당가전체: B1_WEST,4612,1317.9250392772262,1391.782541478351,170.70707100000004,23,0
GS100-0210-J3P-5200,고양스타필드 2호기 X SC75,2025-10-10T22:01:45.000Z,2025-10-11T01:47:38.000Z,2층전체청소하기: F2,12874,3589.66260698028,3787.847612886653,490.035146,59,0
GS100-0210-F3P-H000,고양스타필드 1호기 X SC75,2025-10-10T22:04:51.000Z,2025-10-11T01:26:49.000Z,3층전체청소하기: F3,11108,2643.545078783781,3776.7001125544316,389.1145239999996,59,0
GS100-0210-EBN-C000,고양스타필드 주차장 X SC75,2025-10-10T23:50:08.000Z,2025-10-11T09:00:04.000Z,5: B2,7084,1637.785048809797,3210.602595683411,164.53735800000004,12,2
GS100-0210-F3P-H000,고양스타필드 1호기 X SC75,2025-10-11T01:33:06.000Z,2025-10-11T03:15:53.000Z,2번노드: F3,4485,875.4325260899218,946.6400282120707,134.87717500000014,24,0
GS100-0210-J3P-5200,고양스타필드 2호기 X SC75,2025-10-11T01:58:17.000Z,2025-10-11T22:03:15.000Z,B1층식당가전체: B1_WEST,5300,1185.805035339743,1388.47504137978,181.14414499999998,-60,1
GS100-0210-J3P-5200,고양스타필드 2호기 X SC75,2025-10-11T22:06:41.000Z,2025-10-12T01:58:31.000Z,2층전체청소하기: F2,13229,3595.9326071671408,3790.5651129676407,497.408638,61,0
GS100-0210-EBN-C000,고양스타필드 주차장 X SC75,2025-10-11T23:50:07.000Z,2025-10-12T09:00:04.000Z,1: B2,7694,1661.5775495188689,3099.885092383773,172.28306800000001,3,2
GS100-0210-J3P-5200,고양스타필드 2호기 X SC75,2025-10-12T02:06:15.000Z,2025-10-12T22:05:11.000Z,B1층식당가전체: B1_WEST,5468,1319.1300393131378,1393.0525415161999,182.81253900000016,-63,1
GS100-0210-F3P-H000,고양스타필드 1호기 X SC75,2025-10-12T02:39:30.000Z,2025-10-12T03:17:19.000Z,3번노드: B1_EAST,2222,649.1400193458798,678.6650202257932,87.51676900000001,12,0
GS100-0210-J3P-5200,고양스타필드 2호기 X SC75,2025-10-12T22:07:29.000Z,2025-10-13T02:00:39.000Z,2층전체청소하기: F2,13243,3600.075107290597,3789.625112939627,497.327898,61,0
GS100-0210-F3P-H000,고양스타필드 1호기 X SC75,2025-10-12T22:26:17.000Z,2025-10-12T23:41:16.000Z,3층전체청소하기: F3,0,0,3742.4526115337767,2.979343,2,1
GS100-0210-F3P-H000,고양스타필드 1호기 X SC75,2025-10-12T23:42:38.000Z,2025-10-13T13:28:17.000Z,3층전체청소하기: F3,0,0,3742.4526115337767,1.049993,-4,1
GS100-0210-EBN-C000,고양스타필드 주차장 X SC75,2025-10-12T23:50:08.000Z,2025-10-13T09:00:06.000Z,5: B2,2419,462.45251378215863,3137.0350934909284,48.387266999999994,0,2
GS100-0210-J3P-5200,고양스타필드 2호기 X SC75,2025-10-13T02:10:04.000Z,2025-10-13T03:35:24.000Z,B1층식당가전체: B1_WEST,4742,1290.2750384531919,1394.36754155539,174.74,22,0
GS100-0210-F3P-H000,고양스타필드 1호기 X SC75,2025-10-13T13:42:24.000Z,2025-10-13T13:43:53.000Z,execute_task_테스트: 테스트,61,13.522500403001908,87.67000261276962,1.180885,1,1
GS100-0210-EBN-C000,고양스타필드 주차장 X SC75,2025-10-13T13:45:50.000Z,2025-10-13T13:47:08.000Z,복귀: B2,0,0,0,0,0,0
GS100-0210-F3P-H000,고양스타필드 1호기 X SC75,2025-10-13T21:58:34.000Z,2025-10-13T23:15:30.000Z,3층전체청소하기: F3,2909,653.372519472018,3753.0976118510225,87.187549,16,1
GS100-0210-J3P-5200,고양스타필드 2호기 X SC75,2025-10-13T22:03:02.000Z,2025-10-14T21:52:31.000Z,2층전체청소하기: F2,15263,3605.5801074546584,3789.1701129260664,562.5658799999994,0,1
GS100-0210-F3P-H000,고양스타필드 1호기 X SC75,2025-10-13T23:21:09.000Z,2025-10-14T03:37:44.000Z,3층전체청소하기: F3,14605,3484.572603848354,3803.622613356785,503.5626909999999,68,0
GS100-0210-EBN-C000,고양스타필드 주차장 X SC75,2025-10-13T23:50:08.000Z,2025-10-14T09:00:10.000Z,1: B2,5586,1212.1850361259285,3073.1025915855926,131.57488200000003,2,2
GS100-0210-F3P-H000,고양스타필드 1호기 X SC75,2025-10-14T21:56:37.000Z,2025-10-15T02:11:51.000Z,3층전체청소하기: F3,14334,3457.7276030483104,3786.3976128434397,511.968529,74,0
GS100-0210-J3P-5200,고양스타필드 2호기 X SC75,2025-10-14T22:02:28.000Z,2025-10-15T01:48:18.000Z,2층전체청소하기: F2,12951,3569.8476063897465,3786.8076128556586,487.848725,60,0
GS100-0210-EBN-C000,고양스타필드 주차장 X SC75,2025-10-14T23:50:08.000Z,2025-10-15T09:00:07.000Z,2: B2,4420,968.2200288552048,2255.0575672059513,98.35867999999999,1,2
GS100-0210-F3P-H000,고양스타필드 1호기 X SC75,2025-10-15T02:48:41.000Z,2025-10-15T21:53:37.000Z,B1층식당가전체: B1-WEST원래지도,2548,818.0100243785979,1283.5275382521004,102.03897000000006,-76,1
GS100-0210-J3P-5200,고양스타필드 2호기 X SC75,2025-10-15T21:59:35.000Z,2025-10-16T01:47:11.000Z,2층전체청소하기: F2,12948,3599.3501072689896,3790.8676129766563,492.962419,60,0
GS100-0210-F3P-H000,고양스타필드 1호기 X SC75,2025-10-15T22:02:18.000Z,2025-10-16T02:34:27.000Z,3층전체청소하기: F3,15511,3530.1276052059984,3787.960112890006,515.475179,78,0
GS100-0210-EBN-C000,고양스타필드 주차장 X SC75,2025-10-15T23:50:09.000Z,2025-10-16T09:00:01.000Z,3: B2,11508,2460.0200733143097,2614.3550779138513,229.23166600000002,49,2
GS100-0210-J3P-5200,고양스타필드 2호기 X SC75,2025-10-16T01:51:41.000Z,2025-10-16T03:15:23.000Z,B1층식당가전체: B1_WEST,4714,1318.112539282814,1392.6650415046515,174.02635300000003,23,0
GS100-0210-F3P-H000,고양스타필드 1호기 X SC75,2025-10-16T02:53:28.000Z,2025-10-16T03:19:01.000Z,3번노드: B1_EAST,1445,531.6550158445539,679.3500202462079,62.67727400000001,4,0
GS100-0210-J3P-5200,고양스타필드 2호기 X SC75,2025-10-16T22:00:09.000Z,2025-10-17T01:54:59.000Z,2층전체청소하기: F2,13409,3597.617607217358,3790.955112979264,487.471477,64,0
GS100-0210-F3P-H000,고양스타필드 1호기 X SC75,2025-10-16T22:03:06.000Z,2025-10-17T02:36:37.000Z,3층전체청소하기: F3,14747,3459.0101030865317,3790.417612963245,500.678324,75,0
GS100-0210-EBN-C000,고양스타필드 주차장 X SC75,2025-10-16T23:50:07.000Z,2025-10-17T07:52:04.000Z,4: B2,12408,2461.955073371977,2812.7550838266316,239.518822,54,0
GS100-0210-J3P-5200,고양스타필드 2호기 X SC75,2025-10-17T02:01:55.000Z,2025-10-17T04:14:53.000Z,B1층식당가전체: B1_WEST,4671,1321.0650393708054,1395.880041600466,168.66046100000005,14,1
GS100-0210-F3P-H000,고양스타필드 1호기 X SC75,2025-10-17T02:42:12.000Z,2025-10-17T03:23:47.000Z,3번노드: B1_EAST,2450,642.6375191520901,679.7650202585759,86.66229199999998,8,0
GS100-0210-J3P-5200,고양스타필드 2호기 X SC75,2025-10-17T21:59:16.000Z,2025-10-18T01:45:52.000Z,2층전체청소하기: F2,12930,3607.370107508005,3792.465113024265,491.167789,62,0
GS100-0210-F3P-H000,고양스타필드 1호기 X SC75,2025-10-17T22:13:32.000Z,2025-10-18T02:38:40.000Z,3층전체청소하기: F3,15241,3541.362605540828,3788.375112902374,505.669833,74,0
GS100-0210-EBN-C000,고양스타필드 주차장 X SC75,2025-10-17T23:50:08.000Z,2025-10-18T09:00:02.000Z,5: B2,11604,2470.602573629693,3295.1225982023034,265.82985,48,2
GS100-0210-J3P-5200,고양스타필드 2호기 X SC75,2025-10-18T01:51:23.000Z,2025-10-18T03:10:53.000Z,B1층식당가전체: B1_WEST,4461,1321.4025393808636,1391.8500414803627,171.09343799999994,23,0
GS100-0210-F3P-H000,고양스타필드 1호기 X SC75,2025-10-18T02:44:31.000Z,2025-10-18T03:23:53.000Z,3번노드: B1_EAST,2306,646.902519279197,680.4150202779473,84.70876200000004,8,0
GS100-0210-J3P-5200,고양스타필드 2호기 X SC75,2025-10-18T21:59:57.000Z,2025-10-19T01:49:17.000Z,2층전체청소하기: F2,13122,3602.1101073512446,3791.327612990365,493.701815,63,0
GS100-0210-F3P-H000,고양스타필드 1호기 X SC75,2025-10-18T22:03:38.000Z,2025-10-19T02:43:32.000Z,3층전체청소하기: F3,14396,3487.375103931875,3804.3276133777954,505.70499300000074,75,0
GS100-0210-EBN-C000,고양스타필드 주차장 X SC75,2025-10-18T23:50:08.000Z,2025-10-19T09:00:04.000Z,1: B2,9648,2034.355060628504,3129.3100932607067,219.274473,2,2
GS100-0210-J3P-5200,고양스타필드 2호기 X SC75,2025-10-19T02:00:58.000Z,2025-10-19T22:00:35.000Z,B1층식당가전체: B1_WEST,5044,1331.8100396910313,1393.7875415381047,174.80872600000004,-63,1
GS100-0210-F3P-H000,고양스타필드 1호기 X SC75,2025-10-19T02:48:48.000Z,2025-10-19T03:27:35.000Z,3번노드: B1_EAST,2270,647.4250192947687,679.8075202598425,84.89599899999996,7,0
GS100-0210-J3P-5200,고양스타필드 2호기 X SC75,2025-10-19T22:05:28.000Z,2025-10-20T01:51:04.000Z,2층전체청소하기: F2,12881,3593.057607081459,3789.617612939403,490.730751,63,0
GS100-0210-F3P-H000,고양스타필드 1호기 X SC75,2025-10-19T22:07:55.000Z,2025-10-20T03:59:48.000Z,3층전체청소하기: F3,16726,3498.1551042531437,3789.0501129224904,558.1173230000005,84,0
GS100-0210-EBN-C000,고양스타필드 주차장 X SC75,2025-10-19T23:50:07.000Z,2025-10-20T09:00:06.000Z,5: B2,3673,779.7475232382864,3157.4275940986727,81.98673999999994,3,2
GS100-0210-J3P-5200,고양스타필드 2호기 X SC75,2025-10-20T01:55:55.000Z,2025-10-20T03:18:07.000Z,B1층식당가전체: B1_WEST,4635,1327.5250395633284,1395.9175416015835,172.879392,23,0
GS100-0210-F3P-H000,고양스타필드 1호기 X SC75,2025-10-20T21:58:35.000Z,2025-10-21T02:16:58.000Z,3층전체청소하기: F3,14744,3490.1276040139055,3785.702612822727,497.418547,72,0
GS100-0210-J3P-5200,고양스타필드 2호기 X SC75,2025-10-20T22:04:03.000Z,2025-10-20T22:19:04.000Z,2층전체청소하기: F2,77,16.91500050410629,3743.92511157766,2.576866,2,1
GS100-0210-J3P-5200,고양스타필드 2호기 X SC75,2025-10-20T22:20:28.000Z,2025-10-20T22:37:05.000Z,2층전체청소하기: F2,68,13.43750040046871,3743.732611571924,1.7174260000000001,1,1
GS100-0210-J3P-5200,고양스타필드 2호기 X SC75,2025-10-20T22:37:55.000Z,2025-10-20T23:21:28.000Z,2층전체청소하기: F2,67,15.057500448748472,3743.9051115770644,2.4388759999999996,2,1
GS100-0210-EBN-C000,고양스타필드 주차장 X SC75,2025-10-20T23:50:07.000Z,2025-10-21T09:01:30.000Z,1: B2,5500,1101.9675328411909,3022.0950900654507,112.69779200000005,0,2
GS100-0210-J3P-5200,고양스타필드 2호기 X SC75,2025-10-21T00:45:58.000Z,2025-10-21T04:36:58.000Z,2층전체청소하기: F2,13091,3564.842606240586,3792.2776130186776,497.177564,65,0
GS100-0210-F3P-H000,고양스타필드 1호기 X SC75,2025-10-21T02:30:09.000Z,2025-10-21T03:40:29.000Z,B1층식당가전체: B1-WEST원래지도,3054,990.1975295101854,1283.1675382413719,122.84835299999997,11,1
GS100-0210-F3P-H000,고양스타필드 1호기 X SC75,2025-10-21T03:41:16.000Z,2025-10-21T21:46:14.000Z,B1층식당가전체: B1-WEST원래지도,409,140.17750417761508,1277.9075380846116,19.500426,-85,1
GS100-0210-F3P-H000,고양스타필드 1호기 X SC75,2025-10-21T22:04:25.000Z,2025-10-22T01:37:44.000Z,3층전체청소하기: F3,12175,2904.6450865651673,3781.072612684742,424.457355,62,0
GS100-0210-J3P-5200,고양스타필드 2호기 X SC75,2025-10-21T22:09:11.000Z,2025-10-21T22:14:09.000Z,2층전체청소하기: F2,69,14.905000444203619,3743.8826115763936,2.107654,1,1
GS100-0210-J3P-5200,고양스타필드 2호기 X SC75,2025-10-21T22:19:06.000Z,2025-10-21T22:25:29.000Z,2층전체청소하기: F2,45,10.730000319778922,3743.6951115708057,1.4215369999999998,1,1
GS100-0210-J3P-5200,고양스타필드 2호기 X SC75,2025-10-21T22:34:32.000Z,2025-10-21T22:48:48.000Z,2층전체청소하기: F2,99,16.987500506266954,3743.877611576245,2.187163,2,1
GS100-0210-J3P-5200,고양스타필드 2호기 X SC75,2025-10-21T22:49:28.000Z,2025-10-21T22:53:05.000Z,2층전체청소하기: F2,0,0,3743.1226115537443,0,0,1
GS100-0210-J3P-5200,고양스타필드 2호기 X SC75,2025-10-21T22:56:06.000Z,2025-10-22T02:49:14.000Z,2층전체청소하기: F2,13244,3583.6376068007207,3788.5426129073653,495.996104,65,0
GS100-0210-EBN-C000,고양스타필드 주차장 X SC75,2025-10-21T23:50:08.000Z,2025-10-22T08:17:23.000Z,2: B2,10808,2246.7375669579965,2396.150071410835,229.41235,39,0
GS100-0210-F3P-H000,고양스타필드 1호기 X SC75,2025-10-22T01:53:30.000Z,2025-10-22T01:53:44.000Z,3층전체청소하기: F3,0,0,3742.4526115337767,0,0,1
GS100-0210-F3P-H000,고양스타필드 1호기 X SC75,2025-10-22T02:11:01.000Z,2025-10-22T21:51:10.000Z,B1층식당가전체: B1-WEST원래지도,3133,1000.1050298054519,1283.7475382586572,125.186959,-64,1
GS100-0210-J3P-5200,고양스타필드 2호기 X SC75,2025-10-22T21:59:57.000Z,2025-10-23T01:45:04.000Z,2층전체청소하기: F2,12834,3599.8776072847104,3796.6801131498823,483.227954,62,0
GS100-0210-F3P-H000,고양스타필드 1호기 X SC75,2025-10-22T22:02:43.000Z,2025-10-23T02:15:43.000Z,3층전체청소하기: F3,14436,3493.0101040998106,3787.7026128823322,492.239612,73,0
GS100-0210-EBN-C000,고양스타필드 주차장 X SC75,2025-10-22T23:50:09.000Z,2025-10-23T06:28:32.000Z,3: B2,10586,2401.720071576834,2618.7400780445337,223.88617399999998,46,0
GS100-0210-J3P-5200,고양스타필드 2호기 X SC75,2025-10-23T01:49:07.000Z,2025-10-23T03:10:26.000Z,B1층식당가전체: B1_WEST,4491,1310.4600390547516,1389.6400414144996,170.90475899999996,25,0
GS100-0210-F3P-H000,고양스타필드 1호기 X SC75,2025-10-23T02:19:26.000Z,2025-10-23T03:01:21.000Z,3번노드: B1_EAST,2451,633.2250188715757,680.5925202832373,86.02985999999993,10,0
GS100-0210-J3P-5200,고양스타필드 2호기 X SC75,2025-10-23T21:59:17.000Z,2025-10-24T02:16:06.000Z,2층전체청소하기: F2,12962,3610.7326076082154,3800.4976132636525,498.702575,68,0
GS100-0210-F3P-H000,고양스타필드 1호기 X SC75,2025-10-23T22:02:32.000Z,2025-10-24T02:26:55.000Z,3층전체청소하기: F3,15182,3630.5651081992696,3838.327614391075,511.846747,76,0
GS100-0210-EBN-C000,고양스타필드 주차장 X SC75,2025-10-23T23:50:08.000Z,2025-10-24T08:00:20.000Z,4: B2,13221,2650.702578997091,2811.1125837776817,259.243664,56,0
GS100-0210-J3P-5200,고양스타필드 2호기 X SC75,2025-10-24T02:20:18.000Z,2025-10-24T04:20:41.000Z,B1층식당가전체: B1_WEST,4836,1316.8350392447414,1387.0600413376096,184.29952699999973,17,0
GS100-0210-F3P-H000,고양스타필드 1호기 X SC75,2025-10-24T02:31:26.000Z,2025-10-24T03:11:10.000Z,3번노드: B1_EAST,2334,704.2475209882111,760.1000226527455,89.15264600000006,7,0
GS100-0210-J3P-5200,고양스타필드 2호기 X SC75,2025-10-24T22:15:47.000Z,2025-10-25T00:16:32.000Z,2층전체청소하기: F2,6899,2192.672565346733,3773.160112448931,273.931685,34,0
GS100-0210-F3P-H000,고양스타필드 1호기 X SC75,2025-10-24T22:17:52.000Z,2025-10-25T02:58:50.000Z,3층전체청소하기: F3,15975,3620.9976079141356,3843.012614530698,528.395618,80,0
GS100-0210-EBN-C000,고양스타필드 주차장 X SC75,2025-10-24T23:50:07.000Z,2025-10-25T09:00:04.000Z,5: B2,1428,307.80500917330386,3126.087593164668,35.240894000000026,8,2
GS100-0210-J3P-5200,고양스타필드 2호기 X SC75,2025-10-25T00:52:26.000Z,2025-10-25T01:52:28.000Z,4번노드: F2,2985,779.3575232266636,826.2125246230514,136.959448,17,0
GS100-0210-J3P-5200,고양스타필드 2호기 X SC75,2025-10-25T01:53:04.000Z,2025-10-25T03:13:15.000Z,3번노드: F2,4411,1173.1875349637123,1242.6025370324405,168.640022,24,0
GS100-0210-F3P-H000,고양스타필드 1호기 X SC75,2025-10-25T03:04:04.000Z,2025-10-25T03:38:52.000Z,3번노드: B1_EAST,2028,658.8950196366013,759.1825226254018,87.00073499999996,5,0
GS100-0210-J3P-5200,고양스타필드 2호기 X SC75,2025-10-25T03:33:14.000Z,2025-10-25T21:57:25.000Z,B1층식당가전체: B1_WEST,3881,1021.3400304383042,1382.267541194782,138.2400859999999,-74,1
GS100-0210-J3P-5200,고양스타필드 2호기 X SC75,2025-10-25T21:59:53.000Z,2025-10-26T02:05:08.000Z,2층전체청소하기: F2,13113,3579.812606686727,3782.4151127247524,503.3796060000001,67,0
GS100-0210-F3P-H000,고양스타필드 1호기 X SC75,2025-10-25T22:02:09.000Z,2025-10-26T02:30:05.000Z,3층전체청소하기: F3,15315,3657.245108994395,3855.6926149085916,518.349907,76,0
GS100-0210-EBN-C000,고양스타필드 주차장 X SC75,2025-10-25T23:50:08.000Z,2025-10-26T09:00:02.000Z,1: B2,6828,1452.2375432800504,3112.8550927703095,154.14548000000002,34,2
GS100-0210-J3P-5200,고양스타필드 2호기 X SC75,2025-10-26T02:09:28.000Z,2025-10-26T04:19:20.000Z,B1층식당가전체: B1_WEST,4938,1320.7050393600764,1390.2025414312634,192.481915,14,0
GS100-0210-F3P-H000,고양스타필드 1호기 X SC75,2025-10-26T02:34:01.000Z,2025-10-26T03:18:30.000Z,3번노드: B1_EAST,2560,711.1800211948158,759.9550226484241,102.17474900000002,8,0
GS100-0210-F3P-H000,고양스타필드 1호기 X SC75,2025-10-26T21:56:33.000Z,2025-10-27T02:17:40.000Z,3층전체청소하기: F3,14959,3629.1601081573967,3839.3976144229628,506.489828,74,0
GS100-0210-J3P-5200,고양스타필드 2호기 X SC75,2025-10-26T22:02:57.000Z,2025-10-26T22:05:38.000Z,2층전체청소하기: F2,47,10.215000304430726,3744.007611580119,1.431795,1,1
GS100-0210-J3P-5200,고양스타필드 2호기 X SC75,2025-10-26T22:06:21.000Z,2025-10-26T22:16:03.000Z,2층전체청소하기: F2,59,12.24500036492944,3743.697611570881,1.5294349999999999,1,1
GS100-0210-J3P-5200,고양스타필드 2호기 X SC75,2025-10-26T22:16:46.000Z,2025-10-26T22:26:34.000Z,2층전체청소하기: F2,90,19.57750058345497,3743.9201115775118,2.7733339999999993,1,1
GS100-0210-J3P-5200,고양스타필드 2호기 X SC75,2025-10-26T22:27:43.000Z,2025-10-27T02:14:10.000Z,2층전체청소하기: F2,12971,3558.677606056855,3785.585112819225,484.069646,63,0
GS100-0210-EBN-C000,고양스타필드 주차장 X SC75,2025-10-26T23:50:08.000Z,2025-10-27T09:00:01.000Z,5: B2,13547,2938.3325875691326,3359.4726001200834,321.605001,64,2
GS100-0210-J3P-5200,고양스타필드 2호기 X SC75,2025-10-27T03:07:13.000Z,2025-10-27T22:03:34.000Z,B1층식당가전체: B1_WEST,3094,996.3225296927246,1381.0425411582742,119.26445099999995,-68,1
GS100-0210-F3P-H000,고양스타필드 1호기 X SC75,2025-10-27T21:57:55.000Z,2025-10-28T02:32:08.000Z,3층전체청소하기: F3,15438,3626.2151080696294,3841.165114475639,526.668347,75,0
GS100-0210-J3P-5200,고양스타필드 2호기 X SC75,2025-10-27T22:04:46.000Z,2025-10-27T22:09:19.000Z,2층전체청소하기: F2,70,23.145000689774758,3743.8526115755,2.686077,1,1
GS100-0210-J3P-5200,고양스타필드 2호기 X SC75,2025-10-27T22:10:07.000Z,2025-10-27T23:13:25.000Z,2층전체청소하기: F2,243,71.26250212378801,3744.7376116018745,8.26851,4,1
GS100-0210-J3P-5200,고양스타필드 2호기 X SC75,2025-10-27T23:16:02.000Z,2025-10-28T03:06:18.000Z,2층전체청소하기: F2,13155,3560.997606125996,3791.7601130032544,491.13092400000005,66,0
GS100-0210-EBN-C000,고양스타필드 주차장 X SC75,2025-10-27T23:50:08.000Z,2025-10-28T09:00:04.000Z,11: B2,11836,2474.1000737339264,4407.782631362155,265.26407099999994,26,2
GS100-0210-F3P-H000,고양스타필드 1호기 X SC75,2025-10-28T02:50:30.000Z,2025-10-28T21:54:31.000Z,B1층식당가전체: B1-WEST원래지도,3769,1068.9000318557028,1287.8450383807724,137.06885799999998,-76,1
GS100-0210-F3P-H000,고양스타필드 1호기 X SC75,2025-10-28T21:55:47.000Z,2025-10-29T02:21:08.000Z,3층전체청소하기: F3,15210,3626.1426080674682,3841.5801144880065,511.81863,76,0
GS100-0210-J3P-5200,고양스타필드 2호기 X SC75,2025-10-28T22:00:28.000Z,2025-10-28T22:08:29.000Z,2층전체청소하기: F2,137,30.057500895783313,3743.9351115779587,3.176361,1,1
GS100-0210-J3P-5200,고양스타필드 2호기 X SC75,2025-10-28T22:09:03.000Z,2025-10-28T22:14:25.000Z,2층전체청소하기: F2,150,43.04500128284098,3744.3476115902517,5.1684719999999995,2,1
GS100-0210-J3P-5200,고양스타필드 2호기 X SC75,2025-10-28T22:16:57.000Z,2025-10-28T22:30:25.000Z,2층전체청소하기: F2,133,36.435001085847624,3743.7176115714765,4.761503,2,1
GS100-0210-J3P-5200,고양스타필드 2호기 X SC75,2025-10-28T22:40:23.000Z,2025-10-28T22:44:50.000Z,2층전체청소하기: F2,78,20.142500600293282,3743.7426115722214,2.638759,1,1
GS100-0210-EBN-C000,고양스타필드 주차장 X SC75,2025-10-28T23:50:08.000Z,2025-10-29T09:00:05.000Z,22: B2,16056,3435.4301023837943,4637.110138196648,329.326271,82,2
GS100-0210-F3P-H000,고양스타필드 1호기 X SC75,2025-10-29T02:33:09.000Z,2025-10-29T21:38:53.000Z,B1층식당가전체: B1-WEST원래지도,1510,551.7150164423883,1280.2250381536783,67.37161700000001,-77,1
GS100-0210-J3P-5200,고양스타필드 2호기 X SC75,2025-10-29T22:00:32.000Z,2025-10-30T03:02:07.000Z,2층전체청소하기: F2,12869,3585.230106848181,3790.9376129787424,493.48886,68,0
GS100-0210-F3P-H000,고양스타필드 1호기 X SC75,2025-10-29T22:04:08.000Z,2025-10-30T02:30:57.000Z,3층전체청소하기: F3,15245,3630.950108210743,3838.287614389882,515.832411,76,0
GS100-0210-EBN-C000,고양스타필드 주차장 X SC75,2025-10-29T23:50:08.000Z,2025-10-30T04:53:53.000Z,33: B2,5644,1135.0075338258598,4694.825139916689,110.15994099999989,34,0
GS100-0210-J3P-5200,고양스타필드 2호기 X SC75,2025-10-30T03:09:17.000Z,2025-10-30T03:37:17.000Z,3번노드: B1-EAST,1616,587.680017514229,629.9325187734515,69.86042300000003,9,0
GS100-0210-F3P-H000,고양스타필드 1호기 X SC75,2025-10-30T03:18:30.000Z,2025-10-30T22:09:19.000Z,B1층식당가전체: B1_WEST,4078,1016.9475303073975,1381.017541157529,145.44969600000002,-62,1
GS100-0210-J3P-5200,고양스타필드 2호기 X SC75,2025-10-30T22:07:38.000Z,2025-10-31T01:55:00.000Z,2층전체청소하기: F2,12898,3558.93010606438,3796.2876131381845,486.279079,63,0
GS100-0210-F3P-H000,고양스타필드 1호기 X SC75,2025-10-30T22:10:43.000Z,2025-10-31T02:21:36.000Z,3층전체청소하기: F3,14418,3619.817607878969,3836.3251143313955,498.732511,72,0
GS100-0210-EBN-C000,고양스타필드 주차장 X SC75,2025-10-30T23:50:00.000Z,2025-10-31T09:00:37.000Z,11: B2,15603,3211.165095700176,4508.437634361908,341.45760100000007,56,2
GS100-0210-J3P-5200,고양스타필드 2호기 X SC75,2025-10-31T01:59:06.000Z,2025-10-31T03:31:26.000Z,B1층식당가전체: B1_WEST,4680,1326.3925395295773,1395.0825415766988,185.34553900000003,25,0
GS100-0210-F3P-H000,고양스타필드 1호기 X SC75,2025-10-31T02:28:02.000Z,2025-10-31T03:10:31.000Z,3번노드: B1_EAST,2391,710.1525211641939,758.9300226178767,99.61994600000003,9,0
GS100-0210-J3P-5200,고양스타필드 2호기 X SC75,2025-10-31T03:55:30.000Z,2025-10-31T21:58:26.000Z,B1층식당가전체: B1_WEST,16,4.055000120848418,1372.6750409089032,1.777142,-84,1
